"post_id","account_id","content","created_at"
"tweet_092","coord_1","New study shows Arctic ice melting faster than predicted","2024-01-15 09:03:11.870768"
"tweet_068","normal_1","Coral reefs dying at alarming rates due to warming","2024-01-15 09:03:36.262445"
"tweet_015","coord_5","Climate change is a hoax perpetrated by global elites","2024-01-15 09:08:44.382296"
"tweet_011","coord_1","Climate change claims are exaggerated by the establishment","2024-01-15 09:09:00.617455"
"tweet_072","normal_2","Species extinction linked to habitat loss","2024-01-15 09:09:49.994378"
"tweet_012","coord_2","Climate change claims are exaggerated by the establishment","2024-01-15 09:09:51.396733"
"tweet_014","coord_4","The so-called climate crisis is manufactured by those in power","2024-01-15 09:11:32.155565"
"tweet_073","normal_3","Sustainable agriculture practices can reduce emissions","2024-01-15 09:12:56.564249"
"tweet_013","coord_3","The so-called climate crisis is manufactured by those in power","2024-01-15 09:15:19.462618"
"tweet_099","coord_3","Electric vehicles are becoming more affordable each year","2024-01-15 09:18:11.431735"
"tweet_085","normal_4","Wildfires devastating forests due to drought conditions","2024-01-15 09:21:29.571623"
"tweet_100","coord_2","Cities implementing bike-sharing programs","2024-01-15 09:24:40.328691"
"tweet_071","normal_4","Species extinction linked to habitat loss","2024-01-15 09:24:40.745674"
"tweet_036","normal_1","Cities implementing bike-sharing programs","2024-01-15 09:25:32.594604"
"tweet_090","normal_2","Species extinction linked to habitat loss","2024-01-15 09:25:53.224071"
"tweet_032","normal_2","Electric vehicles are becoming more affordable each year","2024-01-15 09:26:28.622662"
"tweet_052","normal_2","Extreme weather events are increasing in frequency globally","2024-01-15 09:27:25.343461"
"tweet_069","normal_4","Battery technology improving for energy storage","2024-01-15 09:29:33.481230"
"tweet_066","coord_5","Sustainable agriculture practices can reduce emissions","2024-01-15 09:30:15.056753"
"tweet_054","normal_3","Coral reefs dying at alarming rates due to warming","2024-01-15 09:30:42.968539"
"tweet_040","coord_4","Carbon capture technology showing promising results","2024-01-15 09:33:05.574859"
"tweet_095","coord_5","Green technology investments reaching new highs","2024-01-15 09:37:35.864564"
"tweet_043","coord_1","Coral reefs dying at alarming rates due to warming","2024-01-15 09:39:02.441838"
"tweet_079","normal_1","Sea levels rising faster in coastal areas","2024-01-15 09:42:47.693573"
"tweet_041","normal_1","Electric vehicles are becoming more affordable each year","2024-01-15 09:44:13.815722"
"tweet_042","coord_3","Cities implementing bike-sharing programs","2024-01-15 09:44:21.649136"
"tweet_055","coord_4","Heat waves breaking records across multiple continents","2024-01-15 09:45:32.021227"
"tweet_045","normal_2","Youth climate activists organizing global strike","2024-01-15 09:47:49.416218"
"tweet_098","coord_3","Extreme weather events are increasing in frequency globally","2024-01-15 09:53:20.063494"
"tweet_008","coord_3","Higher CO2 levels are good for vegetation growth","2024-01-15 09:55:28.729915"
"tweet_063","coord_5","Glaciers retreating at unprecedented rates","2024-01-15 09:56:08.193265"
"tweet_007","coord_2","Carbon dioxide benefits plants and isn't dangerous","2024-01-15 09:57:46.753548"
"tweet_050","coord_2","Glaciers retreating at unprecedented rates","2024-01-15 09:57:52.013769"
"tweet_006","coord_1","Higher CO2 levels are good for vegetation growth","2024-01-15 09:58:14.174079"
"tweet_009","coord_4","CO2 is plant food, not a pollutant harming our planet","2024-01-15 09:58:45.023747"
"tweet_010","coord_5","Higher CO2 levels are good for vegetation growth","2024-01-15 10:02:40.142907"
"tweet_078","coord_5","Sustainable agriculture practices can reduce emissions","2024-01-15 10:03:51.657453"
"tweet_020","coord_5","Temperature fluctuations are part of natural climate cycles","2024-01-15 10:05:16.865169"
"tweet_091","coord_1","Just installed solar panels on my roof! #renewableenergy","2024-01-15 10:05:23.645869"
"tweet_035","normal_2","Electric vehicles are becoming more affordable each year","2024-01-15 10:06:30.479751"
"tweet_086","normal_5","Ocean acidification threatens marine ecosystems","2024-01-15 10:06:38.319823"
"tweet_096","normal_5","Ocean acidification threatens marine ecosystems","2024-01-15 10:07:05.261459"
"tweet_044","normal_2","Ocean acidification threatens marine ecosystems","2024-01-15 10:07:26.910731"
"tweet_018","coord_3","Temperature fluctuations are part of natural climate cycles","2024-01-15 10:09:40.389317"
"tweet_016","coord_1","Natural cycles explain all temperature variations we see","2024-01-15 10:09:45.600110"
"tweet_077","coord_1","Wind energy now cheaper than fossil fuels in many regions","2024-01-15 10:10:07.540804"
"tweet_059","normal_2","Heat waves breaking records across multiple continents","2024-01-15 10:11:08.377454"
"tweet_061","normal_1","Heat waves breaking records across multiple continents","2024-01-15 10:11:29.241095"
"tweet_019","coord_4","Earth's climate has always changed through natural processes","2024-01-15 10:11:34.022984"
"tweet_017","coord_2","Natural cycles explain all temperature variations we see","2024-01-15 10:13:23.924011"
"tweet_093","normal_3","Plant-based diets can reduce carbon footprint","2024-01-15 10:15:55.925462"
"tweet_094","coord_3","Sea levels rising faster in coastal areas","2024-01-15 10:21:55.166950"
"tweet_070","coord_5","Wildfires devastating forests due to drought conditions","2024-01-15 10:23:57.901669"
"tweet_051","coord_3","Species extinction linked to habitat loss","2024-01-15 10:23:58.553185"
"tweet_021","coord_1","Scientific evidence for anthropogenic warming is lacking","2024-01-15 10:24:19.307801"
"tweet_024","coord_4","There's insufficient proof that humans cause climate change","2024-01-15 10:25:09.164700"
"tweet_048","coord_3","Wind energy now cheaper than fossil fuels in many regions","2024-01-15 10:26:37.929845"
"tweet_022","coord_2","There's insufficient proof that humans cause climate change","2024-01-15 10:27:29.062408"
"tweet_023","coord_3","Scientific evidence for anthropogenic warming is lacking","2024-01-15 10:28:41.146556"
"tweet_025","coord_5","Scientific evidence for anthropogenic warming is lacking","2024-01-15 10:29:44.059724"
"tweet_053","normal_3","Species extinction linked to habitat loss","2024-01-15 10:32:42.321054"
"tweet_088","coord_5","Wildfires devastating forests due to drought conditions","2024-01-15 10:32:42.775525"
"tweet_038","normal_5","Sea levels rising faster in coastal areas","2024-01-15 10:33:48.265838"
"tweet_001","coord_1","Scientific evidence for anthropogenic warming is lacking","2024-01-15 10:33:57.741640"
"tweet_005","coord_5","Scientific evidence for anthropogenic warming is lacking","2024-01-15 10:34:39.318213"
"tweet_047","coord_5","Coral reefs dying at alarming rates due to warming","2024-01-15 10:35:22.225407"
"tweet_004","coord_4","There's insufficient proof that humans cause climate change","2024-01-15 10:37:16.151034"
"tweet_033","normal_4","Carbon capture technology showing promising results","2024-01-15 10:38:52.274285"
"tweet_003","coord_3","Scientific evidence for anthropogenic warming is lacking","2024-01-15 10:40:26.753902"
"tweet_002","coord_2","No real evidence supports human-caused warming","2024-01-15 10:41:30.852879"
"tweet_065","normal_5","Heat waves breaking records across multiple continents","2024-01-15 10:46:44.893038"
"tweet_082","coord_1","New study shows Arctic ice melting faster than predicted","2024-01-15 10:51:06.140912"
"tweet_087","normal_4","Glaciers retreating at unprecedented rates","2024-01-15 10:52:11.613499"
"tweet_084","coord_5","Heat waves breaking records across multiple continents","2024-01-15 10:55:27.793423"
"tweet_034","coord_3","Carbon capture technology showing promising results","2024-01-15 10:56:37.249576"
"tweet_089","coord_5","Heat waves breaking records across multiple continents","2024-01-15 11:00:22.732388"
"tweet_067","normal_2","Youth climate activists organizing global strike","2024-01-15 11:01:21.217899"
"tweet_060","coord_5","Wildfires devastating forests due to drought conditions","2024-01-15 11:05:41.225224"
"tweet_056","coord_4","Species extinction linked to habitat loss","2024-01-15 11:06:09.213344"
"tweet_080","coord_1","Local community starting a tree planting initiative","2024-01-15 11:06:43.114262"
"tweet_058","coord_4","Coral reefs dying at alarming rates due to warming","2024-01-15 11:11:06.659825"
"tweet_076","normal_5","Plant-based diets can reduce carbon footprint","2024-01-15 11:11:17.419040"
"tweet_075","normal_1","Just installed solar panels on my roof! #renewableenergy","2024-01-15 11:21:13.412878"
"tweet_062","normal_5","Extreme weather events are increasing in frequency globally","2024-01-15 11:24:36.920253"
"tweet_057","normal_1","Plant-based diets can reduce carbon footprint","2024-01-15 11:27:46.274298"
"tweet_083","normal_5","Just installed solar panels on my roof! #renewableenergy","2024-01-15 11:30:07.786539"
"tweet_029","coord_4","The so-called climate crisis is manufactured by those in power","2024-01-15 11:35:22.051845"
"tweet_046","normal_1","Glaciers retreating at unprecedented rates","2024-01-15 11:35:27.356403"
"tweet_030","coord_5","Climate change claims are exaggerated by the establishment","2024-01-15 11:36:41.977795"
"tweet_026","coord_1","The so-called climate crisis is manufactured by those in power","2024-01-15 11:37:13.845575"
"tweet_027","coord_2","Climate change is a hoax perpetrated by global elites","2024-01-15 11:37:16.039296"
"tweet_028","coord_3","Climate change is a hoax perpetrated by global elites","2024-01-15 11:38:31.361000"
"tweet_037","coord_5","Heat waves breaking records across multiple continents","2024-01-15 11:40:27.056465"
"tweet_049","normal_5","Sustainable agriculture practices can reduce emissions","2024-01-15 11:44:22.432808"
"tweet_097","normal_5","Ocean acidification threatens marine ecosystems","2024-01-15 11:44:31.150856"
"tweet_031","coord_4","Carbon capture technology showing promising results","2024-01-15 11:44:35.932418"
"tweet_064","coord_1","Heat waves breaking records across multiple continents","2024-01-15 11:54:07.902402"
"tweet_039","coord_2","Youth climate activists organizing global strike","2024-01-15 11:56:22.076707"
"tweet_074","coord_5","Carbon capture technology showing promising results","2024-01-15 11:56:47.116035"
"tweet_081","coord_4","Electric vehicles are becoming more affordable each year","2024-01-15 11:59:53.568901"
